Product,Unit,Order Qty,Avg Monthly Usage,Stock on Hand,Priority,Seasonal Peak
Chix Halal Thigh Bnls Sknls,CATCH WGT/#,56130,39468,4,A,False
Cheese Pizza Blnd Prov-Mozz,CATCH WGT/#,11259,9789,6,A,False
Beef Halal Cert Ground 80/20,CATCH WGT/#,10564,1845,9,A,False
Beef Chuck Roll,LB,7722,631,6,A,False
Beef Patty 5 Oz 80/20,FRZN WGT/#,6983,6934,6,A,False
Beef Stk Flank,CATCH WGT/#,6403,5108,2,A,False
Turkey Brst Raw Bnls,CATCH WGT/#,5667,4104,3,A,False
Cheese Cheddar Shrd,CATCH WGT/#,4909,4586,4,A,False
Deli Turkey Brst Fc Fresh,CATCH WGT/#,4205,3065,4,A,False
Deli Pork Ham Smkd Bnls Fc,CATCH WGT/#,4012,3033,6,A,False
Cheese Amer Yel Slcd 160Ct,CATCH WGT/#,3386,2892,9,A,False
Pork Butt Bnls,CATCH WGT/#,3348,3415,4,A,False
Cheese Prov Slcd,CATCH WGT/#,3165,2559,8,A,False
Shlfsh Shrimp Raw Pld No Tail,CATCH WGT/#,3093,2323,9,A,False
Deli Chix Brst Fc,CATCH WGT/#,2873,1284,8,A,False
Pork Rib Spare St Louis,LB,2484,1558,4,A,False
"Beef Cubes 3/4""",CATCH WGT/#,2443,1422,4,A,False
Cheese Cheddar Slcd,CATCH WGT/#,2136,1275,4,A,False
Cheese Ched Whit/Jack Shrd,CATCH WGT/#,2134,1167,8,A,False
Beef Patty 2.67 Oz 80/20,CATCH WGT/#,2071,1625,1,A,False
# Beef Ground Fresh 80/20,FRZN WGT/#,1933,2068,9,A,True
Chix Brst Tender Brd,10 #/CASE,1905,1552,3,A,False
Beef Brisket Raw Bnls Mbg #120,CATCH WGT/#,1825,2212,6,A,False
Deli Turkey Brst Gf Fc Slcd,CATCH WGT/#,1799,1188,11,A,False
$$ Pepsi Aquafina Wtr 16.9Oz Pl 1/24 Pk,1-24PK,1775,850,10,A,False
Pork Sausage Ital Swt Rope,CATCH WGT/#,1747,946,9,A,False
Deli Beef Rst Select Fc,CATCH WGT/#,1544,1012,7,A,False
Chix Brst Strip Grl Fc,10#/CS,1447,1099,28,A,False
Deli Salami Genoa,CATCH WGT/#,1422,904,8,A,False
Chix Brst Nat Filet Sknls Gf 4Oz,10#/CS,1356,1236,2,A,False
# Chix Thigh Bnls Sknls Split Kosher,CATCH WGT/#,1278,852,12,A,False
Cheese Amer Sharp Whit,CATCH WGT/#,1213,493,9,A,False
Shlfsh Shrimp Raw Pd 21-25Ct,CATCH WGT/#,1130,752,9,A,False
"# Lanyard 36"" Conference Only",EACH,1041,7394,10,A,True
Deli Pork Capicola,CATCH WGT/#,949,752,1,A,False
Chix Bnls Wing/Brst Fritter,10#/CS,944,997,3,A,False
Hot Dog Beef 8/#,CATCH WGT/#,826,729,6,A,False
Pork Loin Bnls Mbg #414,CATCH WGT/#,804,635,21,A,False
Veg Fzn Pot F/F Colossal Crisp,6-5#/CS,788,585,5,A,False
Chix Tender Clipped Jumbo,2-5#/CS,729,447,6,A,False
Chix Brst Filet Brd 4Oz,10 LB/CASE,697,476,1,A,False
Cheese Parm Shrd,CATCH WGT/#,631,410,7,A,False
Turkey Burgers 4Oz,CATCH WGT/#,628,715,1,A,False
Cheese Domestic Grated,CATCH WGT/#,592,574,9,A,False
Beef Ribeye Mbg #112A,CATCH WGT/#,588,539,5,A,False
Dough Pizza Ball Lg,18-22 OZ/CS,543,479,9,A,False
Cheese Romano Grated Imported,CATCH WGT/#,540,496,7,A,False
Pork Butt Ground Fine,CATCH WGT/LB,503,473,7,A,False
Pork Diced,LB,489,576,10,A,False
Pork Bacon Canadian Style,CATCH WEIGHT,456,439,6,A,False
Pork Sausage Raw 1Oz Link,CATCH WGT/#,429,526,2,A,True
Egg Liquid Whl,2-20#/CS,418,395,6,A,False
# Beef Mock Tender Kosher,CATCH WGT/#,411,443,6,A,False
Fish Tilapia,CATCH WGT/#,339,521,4,A,False
Cheese Swiss,CATCH WGT/#,330,393,5,A,False
Sugar Granulated Kosher,50 LB/BG,301,447,5,A,False
Cheese Feta,CATCH WGT/#,269,396,15,A,False
Pork Sausage Andouille,CATCH WGT/#,225,401,5,A,False
Pork Sausage Kielbasa,CATCH WGT/#,1059,438,3,B,False
# Turkey Ground Kosher,CATCH WGT/#,734,236,10,B,False
# Bowl W/Lid Mw 24 Oz,150 SETS/CS,466,346,8,B,False
"Fish Tuna Sushi Diced .5""",LB,457,242,8,B,False
Fish Swai Filet,CATCH WGT/#,431,230,13,B,False
# Bjc Hot Dog Beef 6/#,CATCH WGT/#,422,384,1,B,True
Grain Rice Converted Long Kosher,25 #/BAG,421,252,4,B,False
$$ Walking Taco Doritos Nacho,18-2.5 OZ/CS,406,295,7,B,False
Name Tag Hfs Stdnt/Tech,EACH,402,403,9,B,False
Veg Fzn Pot F/F Criss Cut,6-4.5#/CS,376,266,8,B,False
Wrap Tortilla Whit,6 DOZ/CS,373,177,8,B,False
Lamb Halal Ground,CATCH WGT/#,372,306,10,B,False
# Roll Sub Whet Fully Slcd Thw & Srv,48 EA/CS,358,90,7,B,False
Beef Stk Sandwich Bulk,10 #/CS,343,353,9,B,False
Yog Chob Bulk Vanilla,6/32 oz,328,266,9,B,False
Pork Bacon Slcd Layout 18-22Ct,15 #/CASE,318,314,3,B,False
$$ Samyang Ramen Chix Hot Carbo,6 EA/CS,317,143,1,B,False
Breadstick Par Bkd 1.8Oz,144EA/CASE,314,228,4,B,False
Pork Bacon Hardwood Smoked 13-17Ct,CATCH WGT/#,314,246,5,B,False
Cheesestick Mozz Btd,4/3#,300,301,5,B,False
# Roll Sub Whit Fully Slcd Thw & Srv,48 EA/CS,300,212,30,B,False
Sauce Cheese Queso Blanco,6-60 OZ/CS,295,104,2,B,False
Roll Potato,120 EA/CS,290,241,2,B,False
Chix Diced Dark Meat,4-5#/CASE,278,169,2,B,False
Turkey Bacon Layout,CATCH WGT/#,276,251,6,B,False
Sausage Bratwurst,CATCH WGT/#,274,201,9,B,False
Pork Sausage Ital Loose,CATCH WGT/#,273,225,2,B,False
Pork Sausage Patty Fc 2Oz,10 LB/CASE,271,251,19,B,False
Veg Fzn F/F Pot Swt Wide,6-2.5#/CS,266,60,9,B,False
Beef Striploin Bnls Mbg #180,CATCH WGT/#,263,275,14,B,False
Pc Cheese Crm 1Oz,100/CASE,258,105,3,B,False
Sauce Pasta,6-#10 CN/CS,256,222,7,B,False
Short Liq Frying,35#/CNTR,254,210,23,B,False
$$ Bev Chob Protein Cookies N Crème,8 EA/CS,252,54,11,B,False
Cookie Bky Raw Cs 2Oz Cchip,72 EA/CS,248,250,8,B,False
Fish Cod Loin 6Oz,10#/CS,244,169,3,B,False
Cheese Mozz,CATCH WGT/#,240,178,1,B,False
Cheese Monterey Jack,CATCH WGT/#,224,268,3,B,False
French Toast Sticks,10#-188EA/CS,224,186,4,B,False
Bakex Box Gift Ship Sm,EA,224,310,6,B,False
Shlfsh Shrimp Brd Popcorn,CATCH WGT/#,217,286,3,B,False
Beef Shrd Fc,2-5#/CS,213,130,6,B,False
Cap Navy Liveon,EACH,207,298,4,B,False
Roll Croissant Round 2.5Oz,80 EA/CS,203,163,2,B,False
Sauce Catsup Disp Pack Kosher,2-1.5GAL/CS,201,178,4,B,False
# Tin 3.75 X 3.75 Custom Mural,EACH,201,253,7,B,False
$$ Bev Chob Protein Strawb Cream,8 EA/CS,201,95,30,B,False
Cheese Pepper Jack Slcd,CATCH WGT/#,200,279,1,B,False
Beef Stk Skirt,CATCH WGT/#,199,176,8,B,True
Veg Fzn Pot F/F Trim,6-5#/CASE,197,184,5,B,False
Pasta Cavatappi/Cellentani,2-10#/CS,197,119,12,B,False
Sauce Pizza Gf,6/10 CN,196,162,5,B,False
Napkin Mornap 13X12 Nat,6000/CS,194,182,4,B,False
Veg Beans Black Kosher,6-#10CN/CS,193,113,4,B,False
Guacamole Fzn Mild,12-1#/CS,188,154,1,B,False
Dress Mayonnaise Gal,4-1GAL/CASE,187,150,2,B,False
# Egg Patty Whl,160-1.5 OZ/CS,186,102,2,B,False
$$ Ice 8# Bag,8# BAG,184,160,6,B,False
Box Kraft 7.75X5.5X3.5,90 EA/CS,184,127,2,B,False
# Hot Dog Beef 8/# Kosher,CATCH WGT/#,181,165,1,B,False
$$ Walking Taco Tostitos Salsa Verde,18 EA/CS,180,98,5,B,False
Liquor Beer Yuengling Can,12 OZ CAN,180,70,11,B,False
Pasta Penne,20#/BOX,178,165,10,B,False
"# Roll Amoroso 7""",60EA/CS,176,74,10,B,False
Cheese Pepper Jack,CATCH WGT/#,172,281,22,B,False
# Turkey Brst Whole Bone In Kosher,CATCH WGT/#,171,147,5,B,False
# Roast Turkey Kosher,CATCH WGT/#,170,162,9,B,False
Cheese Cheddar Colored,CATCH WGT/#,164,279,8,B,True
"Bakec Extender Bun Pan Full 3""",EACH,164,160,12,B,False
Gloves Vinyl Pf Xl Disposable,1000 EA/CS,163,153,6,B,False
# Chix Bones Kosher,CATCH WGT/#,162,155,9,B,False
Grain Rice Basmati,40#CASE,159,108,7,B,False
Granola Vanilla Bulk Af,25 LB/CS,159,79,7,B,False
Chix Sausage Brkfst,10#/CS,153,96,8,B,False
Beef Tenderloin Whl Mbg #189A,CATCH WGT/#,150,169,6,B,True
Veg Fzn Corn Whl Kernel Yellow,12-2.5 LB/CS,149,122,2,B,False
# Pastrami Kosher,CATCH WGT/#,149,145,11,B,False
Fish Cod/Haddock Beer Battered 2Oz,10#/CS,144,90,7,B,False
Pork Bacon Crumbles Fc,2-5#/CS,143,36,9,B,False
Stb Lemonade 48Oz,6 EA/CS,142,182,5,B,False
Egg Fresh,15 DZ/CRATE,141,127,6,B,False
Pork Fritter Whole Muscle,40-4 OZ/CS,139,93,8,B,False
Cheese Swiss Slcd,CATCH WGT/ #,138,143,3,B,False
Nori Sushi Toasted,10 SHT/PKG,138,132,8,B,False
$$ Bev Chob Protein Mixed Berry,8 EA/CS,137,87,9,B,False
Cheese Cheddar Smoked,CATCH WGT/#,136,88,6,B,False
Pork Sausage Raw 2Oz Link,10#/CS,135,36,7,B,False
Bagel Par Bkd Plain,48 CT,133,145,22,B,False
Cheese Gouda Smoked,CATCH WGT/#,133,61,3,B,False
Box Kraft 4.375X3.562X2.5,180 EA/CS,133,40,8,B,False
Beef Meatballs Fc 1Oz,10 #/CASE,132,159,4,B,False
Oil Veg Canola,6-1 GAL/CS,130,126,8,B,False
Flour Artisan,50#/BAG,130,129,7,B,False
Veg Fzn Pot F/F Tater Tots,6-5#/CASE,128,125,7,B,False
# Cho Marinade Chix Salmon Paneer,6-1/2 GAL,128,94,11,B,False
Croissant Slcd 2Oz,72-2.2 OZ/CS,126,106,1,B,False
Chix Chunk Tempura Brd,10 LB/CS,126,101,7,B,False
$$ E-Contraception,EACH,126,92,12,B,False
Bakea Grain Bulghur,LB,126,99,1,B,True
# Turkey Bacon Kosher,CATCH WGT/#,126,120,6,B,False
$$ Gogo Squeez Al Strawb Pine Orange,12 EA/CS,126,58,3,B,False
Stb Oatmilk Barista,8-64 OZ CS,125,138,12,B,False
Cheese Prov,CATCH WGT/#,124,158,6,B,False
# Tin 3.75 X 3.75 Custom Emoji,EACH,123,150,3,B,True
$$ Gogo Squeez Apple Cinn Pouch 3.2Oz,18 EA/CS,122,109,10,B,False
$$ Walking Taco Fritos Scoops,18-3.5 OZ/CS,121,58,12,B,False
Syrup Coffee Vanilla,*4-LTR/CS,119,135,14,B,False
Flatware Cutlerease Fork,960 EA/CS,118,145,27,B,False
$$ Gogo Squeez Applesauce 3.2Oz,18 EA/CS,118,100,4,B,False
Chix Brst Slcd Marinated,2-5 LB/CS,118,98,3,B,False
Pork Bacon Fc Slcd,300 EA/CS,116,99,10,B,False
# Cho Soup Tikka Masala,6-1/2 GAL,115,117,5,B,False
$$ Bev Chob Yog Straw'Nana 7Oz,8-7 OZ/CS,115,103,1,B,False
Bag Grocery Paper 10Lb,500/BDL,115,78,6,B,False
Shlfsh Shrimp Raw P&D16-20Ct,CATCH WGT/#,114,120,5,B,False
$$ Oh Snap Dilly Bites 3.25 Oz,6 EA/CS,113,115,23,B,False
Veg Fzn Pot F/F Seasoned Twist,6-4#/CASE,112,144,8,B,True
Bagel Par Bkd Everything,48 CT,111,102,4,B,False
Veg Tomato Diced In Juice Kosher,6/10 CN,110,70,11,B,False
Ecl Towel Disposable Blue,150 EA/BX,107,102,9,B,False
Shirt Tee Navy Large,EACH,105,168,11,B,False
Dough Pizza Ball 6 Oz,80 EA/CS,105,61,9,B,False
Stb Bev Base Strawberry Acai,6-1LTR/CS,104,183,9,B,True
# Cho Bread Naan,96 EA/CS,103,68,9,B,False
$$ Samyang Ramen Buldak,6 EA/CS,102,62,11,B,False
Shirt Polo Navy Large,EACH,102,94,2,B,False
Shirt Polo Navy Medium,EACH,102,101,10,B,False
$$ Nongshim Shin Ramen Black Cup,6 EA/CS,102,43,6,B,False
Tea Conc Teav Chai Nonswt,12-32 OZ/CS,100,113,30,B,False
Veg Fzn Onion Ring Nat Cut,4-2.5 LB/CS,100,62,9,B,False
Veg Peas Chick,6/10 CN,97,91,2,B,False
Gloves Vinyl Pf Lg Disposable,1000 EA/CS,96,103,9,B,False
Juice Fzn Express Orange,3-3 LITRE/CS,94,82,4,B,False
Veg Fzn Pot F/F Patty,120 EA/CS,94,75,3,B,False
$$ Yog Chob Vanilla,12 EA/CS,93,79,7,B,False
Dssrt Bd Profiterole Choux,50 EA/CS,93,48,5,B,False
Beef Corned Kosher,CATCH WGT/#,92,104,23,B,False
$$ Bky Cs Cookie Cchip 3.125,36 EA/CS,90,118,14,B,False
Veg Fzn Beans Green Whl,12-2#/CASE,90,79,6,B,False
Spice Taco Seasoning,5 LB/BOX,90,58,9,B,False
# Cho Mango Lassi,3-1 GAL/CS,90,71,11,B,False
Stb Coffee Cold Brew Concentrate,6-32 OZ/CS,89,94,8,B,False
Shirt Tee Navy Medium,EACH,88,205,3,B,False
Bakea Donut Fried Ring Rsd,90 EA/CS,88,79,1,B,True
Cheese Bleu Crumbled,CATCH WGT/#,88,57,9,B,False
Chix Stk Sandwich Bulk,10 #/CS,88,55,9,B,False
Veg Fzn Pot F/F Hash Brown Shrd,6-3#/CS,87,90,6,B,False
Biscuit Buttermilk Fzn,216 EA/CS,87,70,3,B,False
Tray Food 1# Paper Compost,1000/CASE,87,68,10,B,False
Turkey Sausage Patty Raw 2Oz,10#/CASE,86,77,12,B,False
Chix Brst Filet Brd Slider,30#/CS,86,73,8,B,False
Juice Fzn Express Apple,3-3 LITRE/CS,86,66,4,B,False
# Tin 3.75X3.75 Custom Mascot,EACH,85,256,1,B,False
Egg Whl Pld Cooked,200 EA/TUB,85,83,5,B,False
Oil Sesame,56 OZ/CAN,85,65,9,B,False
$$ Oh Snap Sassy Bites 3.25 Oz,6 EA/CS,85,37,12,B,False
Veg Tomato Crushed Conc,6/10 CN,85,31,3,B,False
$$ Yog Oikos Trip Zero Strawb 5.3Oz,12 EA/CS,83,75,11,B,True
Pickle Chips Dill Thin Kosher,4-1 GAL/CS,81,70,3,B,False
Grain Rice Jasmine,25#/BAG,80,133,20,B,False
$$ Yog Chob Strawb,12 EA/CS,80,75,11,B,False
$$ Bev Chob Yog Mix'T Berries 7Oz,8-7 OZ/CS,80,74,10,B,False
Sauce Ranch Disp Pack,2-1.5 GAL/CS,80,55,5,B,False
# Cho Sauce Butter Masala,6-.5 GAL.CS,79,76,5,B,False
Cheese Colby Longhorn,CATCH WGT/#,78,93,9,B,True
Sauce Catsup,3 GAL/CS,78,53,2,B,False
# Bjc Pork Pulled Bbq,10#/CS,77,41,11,B,False
$$ Oh Snap Hottie Bites 3.25 Oz,6 EA/CS,76,54,24,B,False
App Macaroni & Cheese Bites,6-3#/CASE,76,45,7,B,False
Clnr Ecl Solid Power Xl,4-9LB/CS,75,87,3,B,True
Oil Coating Pan Aerosol,6-16.5OZ/CS,75,80,7,B,False
Flour All Purpose,50 LB/BAG,75,69,2,B,False
Roll Hamburger Hawaiian,12-8PK/CS,74,61,2,B,False
Chix Wing Fc,30#/CS,73,66,2,B,False
$$ Bev Chob Yog Peach 7Oz,8-7 OZ/CS,72,63,4,B,False
Pasta Fzn Ravioli Cheese,300 EA/CS,72,62,6,B,False
Bag Grocery Paper 20Lb,500 EA/CS,71,80,2,B,False
Bagel Par Bkd Blueberry,48 CT,71,61,6,B,True
$$ Yog Chob Peach,12 EA/CS,70,60,7,B,False
Flatware Cutlerease Spoon,960 EA/CS,69,78,2,B,False
# Sambazon Acai Berry Scoopable,3 GAL TUB,69,66,4,B,False
$$ Meiji Hello Panda Chocolate 7Oz,6 EA/CS,69,62,1,B,False
App Potsticker Pork Steamed,120 EA/CS,69,71,3,B,True
Stb Sauce Chocolate Bittersweet,4-63OZ/CS,69,38,1,B,False
Cheese Mozz Fresh Slcd 1Oz No Brine,8-1#/CS,69,37,5,B,False
Bagel Plain Mini,72 EA/CS,68,61,6,B,False
Bagel Plain Slcd 3Oz,12-6/EA PKG,68,57,9,B,False
Nutella Piping Bag,6-35.2 OZ/CS,67,57,5,B,False
$$ Pregnancy Test 2 Pk,BOX,66,72,21,B,False
Box Hinged 3Cmp 9X9X3 Compost,200 EA/CS,65,107,5,B,True
Egg Fzn Whits,6-5#/CS,65,59,7,B,False
Liquor Beer Guinness Can,14.9 OZ CAN,64,60,9,B,True
Crm Whipping Lt Aerosol,12-15 OZ/CS,64,49,3,B,False
$$ Innovasian Potsticker Pork,6-7 OZ/CS,64,50,2,B,False
$$ Nongshim Shin Ramen Cup,6 EA/CS,64,45,1,B,False
Sauce Honey Mustard Disp Pack,2-1.5 GAL/CS,63,47,3,B,False
Clnr Alcohol Swab,200EA/BX,62,67,8,B,False
$$ Yog Chob Flip Cookies & Cream,12 EA/CS,62,42,1,B,False
Sauce Bbq Disp Pack,2-1.5GAL/CS,61,53,6,B,False
Bakea Croissant Raw Plain,60 EA/CS,60,95,5,B,False
Menu Card Holder 5 1/2 X 3 3/4,EACH,60,58,4,B,False
Pork Bacon Fc Round,192 EA/BOX,58,93,5,B,False
"Plate 9"" Rd Compost",500 EA/CS,58,75,1,B,False
Chix Whit/Dark Diced Fc,10 LB/CASE,58,57,10,B,False
Stb Coffee Wb Espresso 5Lb,4-5 LB/CS,58,50,7,B,False
# Bjc Pork Sausage Ital Sweet Link,CATCH WGT/#,58,58,6,B,False
Cheese Asiago Wheel,CATCH WGT/#,56,62,12,B,False
# Crmry Milk Nonfat Powder,50#/BAG,54,114,11,B,False
$$ Yog Chob Mixed Berry,12 EA/CS,54,58,10,B,False
Bread Naan Tandoori,48 EA/CS,54,56,10,B,False
Croissant Choc Rtb Lg,70 EA/CS,54,50,11,B,False
Croutons Seasoned,4-2.5LB/CS,53,60,6,B,False
Oatmilk Oatly Barista Bulk,12-32 OZ/CS,53,63,9,B,False
Gloves Vinyl Pf Med Disposable,1000 EA/CS,53,57,7,B,False
Stb Almond Milk Unflavored,8-64 OZ/CS,53,48,6,B,False
Bag 6 X 2 X 8 Artisan,1000 EA/CS,53,43,12,B,True
"Tortilla Flour 6""",24-12 EA/CS,51,57,7,B,False
Bagel Par Bkd Cinn Raisin,48 CT,51,42,11,B,False
Turkey Ground 90-10/93-7,CATCH WGT/#,49,82,8,B,True
Vgtn Burger Crumbles,10 LB/CS,47,43,8,B,False
$$ Yog Chob Non Fat Plain,12 EA/CS,47,39,4,B,False
Gardein Meatball Meatless,10#/CS,47,32,9,B,False
$$ Yog Chob Protein Vanilla,12 EA/CS,47,53,12,B,False
Clnr Ecl Oasis Quat Sanitizer,2.5GAL/CNTR,46,51,3,B,False
English Muffin Original,6/12PKG/CASE,46,41,12,B,False
Yog Chob Bulk Plain 0% Fat,6-32 oz,46,40,7,B,False
Bakea Egg Fzn Whl Fortified,30# PAIL,45,63,18,B,False
App Shlfsh Crab Rangoon,120 EA/CS,45,52,7,B,True
Glove Nitrile Pf Large,10-100 EA/CS,45,34,3,B,False
$$ Cup Red Solo 18 Oz,12-30 CT/CS,44,45,8,B,False
$$ Yog Oikos Trip Zero Mixed Berry,12 EA/CS,42,67,1,B,False
Syrup Table,4-1 GAL/CS,42,50,10,B,False
# Cho Soup Black Lentil,6-1/2 GAL,42,44,5,B,False
Clnr Dawn Original 5 Gal,5 GAL,42,35,1,B,False
Shirt Tee Navy Small,EACH,41,102,10,B,False
App Chix Skewer Halal Fire Grld,80 EA/CS,41,45,9,B,False
Sauce Bbq,4-1GAL/CASE,41,31,5,B,False
Chips Tortilla Whit Triangle,12#/CS,40,41,8,B,False
"$$ Plate Paper Anyday 10""",12-22 CT/CS,40,34,5,B,True
$$ Innovasian Potsticker Chix,6-7 OZ/CS,39,40,11,B,False
Nutella 3 Kg,2-3 KG/CS,39,41,4,B,False
# Cho Soup Chickpea Masala,6-1/2 GAL,39,45,10,B,False
Syrup Coffee Classic,*4-LTR/CS,39,37,4,B,False
Liquor Brandy Chris Bros,750 ML,39,36,9,B,False
$$ Lifeway Kefir Strawberry Low Fat,6 EA/CS,39,34,5,B,True
Pretzel Soft Jumbo 5.5Oz,50 EA/CASE,39,34,12,B,True
$$ Yog Chob Flip Cookie Dough,12 EA/CS,38,39,7,B,False
Lid Deli 8-16 Oz Pp,500 EA/CS,38,42,4,B,False
Cntr Deli 16 Oz Pp,500 EA/CS,38,46,1,B,False
Oil Olive Pure,4-1 GAL/CS,37,36,5,B,False
$$ Yog Oikos Vanilla 5.3Oz,12 EA/CS,37,31,7,B,False
Stb Matcha Powder,6-100G/CS,36,53,2,B,True
Pork Ham Smkd Bnls Carve,CATCH WGT/#,36,43,12,B,False
Peppers Jalapeno Slcd,4-1 GAL/CS,36,31,8,B,False
Stb Lid 12/16/26Oz Cold Strawless,1000 EA/CS,35,48,12,B,False
Chix Drums Brd Iqf,29.64#/CS,35,41,12,B,False
Cntr Hinged 12 Oz Safeseal,200 EA/CS,35,41,5,B,False
"Wrap Plstc Film 18""",3 ROLLS/CS,35,36,1,B,False
Deli Pork Prosciutto,CATCH WGT/#,34,77,8,B,False
$$ Yog Chob Strawb/Ban,12 EA/CS,34,36,9,B,True
Stb Cup Cold 26Oz,600 EA/CS,34,36,1,B,False
$$ Sabra Avocado Toast,8-2.7OZ/CS,34,36,11,B,False
Deli Pepperoni Slcd,25 #/CASE,34,33,10,B,False
# Cho Cheese Paneer Cubes,4-5 LB/CS,34,38,10,B,False
Stb Bev Base Mango Dragonfruit,6-1LTR/CS,32,55,3,B,False
Chix Thigh Bone-In,31.75 #/CS,32,43,11,B,False
# Beef Brisket Kosher,CATCH WGT/#,31,133,9,B,True
$$ Bky Cs Brookie,40 EA/CS,31,41,9,B,False
Donut Mini Cake Asst 1.25 Oz,144 EA/CS,31,37,6,B,False
Box Pizza 16X16X2 Corrgtd,50/BDL,31,40,4,B,False
Mix Waffle European,30#/BOX,31,33,9,B,False
$$ Lifeway Kefir Peach Low Fat,6 EA/CS,30,32,7,B,False
Fish Tuna Light Canned,6-66.5 OZ/CS,30,31,6,B,False
Stb Coconut Milk,8-64 OZ/CS,29,50,10,B,False
Vegan Patty Burger,48EA/CS,29,50,8,B,False
Veg Fzn Pot Chips,6-5 LB/CS,29,38,5,B,False
Donut Cruller .8 Oz,140 EA/CS,28,47,26,B,False
Lid Hot 12/16/20Oz Pactiv,1020 EA/CS,28,41,23,B,False
$$ Pringles Original 2.38Oz,12 EA/CS,28,34,12,B,False
Margarine Bulk,30 LB/CS,28,31,6,B,False
Syrup Coffee Caramel,*4-LTR/CS,27,34,10,B,False
Stb Fru Dried Strawberry,12-50 GM/CS,27,33,12,B,False
Peppers Banana Ring,4 GAL/CASE,27,33,20,B,False
$$ Bky Cs Iced Brown,40 EA/CS,27,31,9,B,False
# Hub Bowl Rec 30Oz Compost,400 EA/CS,26,32,10,B,False
Vgtn Chix Tender Incogmeato,10#/CS,25,45,17,B,False
Pierogie Cheddar Cheese,288 EA/BOX,25,33,12,B,True
Pasta Macaroni Elbow,20LB/BOX,25,31,6,B,False
Eggroll Veg 3Oz,96 EA/CS,25,31,11,B,False
Paste Curry Red,*4 CNTR/CS,24,34,14,B,False
$$ Umbrella Super Mini,EACH,23,121,2,B,False
Flatware Cutlerease Knife,960 EA/CS,23,40,15,B,False
Pc Sauce Soy,200 EA/CS,23,31,7,B,False
Stb Cup Hot 12Oz,920 EA/CS,22,36,2,B,False
Cookie Bky Raw Cs 1Oz Candy,120 EA/CS,21,34,6,B,True
Deli Pepperoni Sand,CATCH WGT/#,20,50,1,B,True
# Hub Lid Dome 32&48 Oz Rec Bowl,400 EA/CS,20,34,7,B,False
Dress Caesar Crmy,4/GAL,18,31,12,B,False
Pasta Fzn Tortellini Cheese,10 LB/BOX,16,132,23,B,False
Shirt Tee Navy Xlarge,EACH,15,73,3,B,False
Bakea Flour Pastry,50 LB/BAG,13,69,16,B,False
Sugar Brown #8 Lt,50 LB/BG,13,39,3,B,False
Cup Plstc Souffle 2Oz (Hot),2500/CS,11,42,10,B,False
Honey Whit Clover Kosher,6-5 LB/CS,11,35,17,B,False
Cheese Cheddar Mild Cubed,CATCH WGT/#,9,38,4,B,False
Veg Fzn Edamame,6-2.5 LB/CS,8,41,28,B,False
Beef Patty Slider 2Oz,CATCH WGT/#,5,56,7,B,False
Shlfsh Shrimp Brd 16-20Ct,CATCH WGT/#,5,52,9,B,False
$$ Umbrella Classic Auto Open,EACH,4,57,9,B,False
$$ Umbrella Psu Logoed,EACH,3,51,11,B,False
Pierogie Cheddar Cheese Mini,4-98 EA/CASE,154,31,8,C,False
Pc Cheese Crm Straw,100 EA/CS,132,10,21,C,False
Register Tape Sticky 80Mm,18 ROLLS/CS,115,19,9,C,False
Name Tag-Sch Of Hos Mgmt,EACH,111,104,4,C,False
Box Pizza 10X10X2 Crrgtd,50 EA/BNDL,96,50,9,C,False
Cap Updh Beanie Blk,EACH,90,82,1,C,False
Seaweed Salad,4-4.4 #/CS,88,12,6,C,False
Veg Beans Refried,6 #10CN/CASE,84,30,2,C,False
Wrap Foil Sub 14X16,1000/CASE,84,18,1,C,False
Crust Pinsa Classica,20 EA/CS,75,76,9,C,False
Shirt Polo Navy 2Xlarge,EACH,70,65,2,C,False
Shirt Polo Navy Small,EACH,66,66,7,C,False
Bread Naan Dipper,2-175 CT/CS,65,40,5,C,False
Bakea Mix Muffin / Pound Cake,50 LB/BAG,64,36,5,C,False
# Bjc Hot Dog Beef 8/#,CATCH WGT/#,57,53,2,C,False
$$ Nongshim Soon Ramen Cup,6 EA/CS,55,31,7,C,False
Pork Sausage Topping,10 #/CASE,55,26,1,C,False
Sauce Franks Buffalo Disp Pack,2-1.5 GAL/CS,54,30,7,C,False
$$ Yog Chob Protein Strawb Kiwi,12 EA/CS,52,48,1,C,False
Bowl Soup 12 Oz Compost,500 EA/CS,50,28,9,C,False
# Cheez Whiz Spread Pouch,6-6.5#/CS,50,22,1,C,False
Pc Dress Ff Honey Dijon,60 EA/CS,49,7,3,C,False
$$ Halal Sr Butter Chicken,8 EA/CS,48,20,13,C,False
Seitan Bulk Ref,2-5 LB/CS,47,28,2,C,False
Pork Sausage Ital Hot Rope,CATCH WGT/#,47,48,6,C,False
Deli Gyros Loaf Slcd 1/3Oz Halal,4-5#/CASE,46,27,12,C,False
Beef Round Top Mbg #168 Choice,CATCH WGT/#,45,60,11,C,True
$$ Binggrae Milk Banana,24 EA/CS,42,31,8,C,False
# Cho Chai Tea,6-1/2 GAL,42,27,9,C,False
Pc Dress Caesar Crmy,60 EA/CS,41,28,4,C,False
Bakea Choc Drops 4000-5000Ct,25 LB/CS,41,28,12,C,False
Dress Mayonnaise Disp Pack,2-1.5 GAL/CS,40,25,12,C,False
Juice Fzn Express Cranberry,3-3 LITRE/CS,39,27,6,C,False
$$ Ramune Bev Lychee,24 EA/CS,39,20,3,C,False
$$ Pc Hummus W/Pretzel Classic,12 EA/CS,38,30,1,C,False
Sauce Hot Kosher,4 GAL/CASE,38,30,3,C,False
Ecl Nexa Foam Hand,6-750 ML/CASE,37,40,7,C,False
Veg Tomato Puree Kosher,6/10 CN,37,22,8,C,False
Cookie Bky Raw Cs 3.125 Cchip,60 EA/CS,36,34,12,C,False
Crust Pinsa Sorriso Folded,35 EA/CS,36,36,4,C,False
Bagel Everything Mini,72 EA/CS,35,33,4,C,False
Cookie Bky Raw Cs 1Oz Cchip,120 EA/CS,35,29,21,C,False
Bakea Sugar Confectioners 6X,50 LB/BAG,35,43,11,C,False
$$ Hitempura Seaweed Snack Spicy,12 EA/CS,35,8,5,C,False
Bakea Spice Cinnamon Bulk,LB,34,41,9,C,True
Dress Ranch Reg,4-1 GAL/CS,33,30,7,C,False
Pc Syrup Table,100/CS,33,27,2,C,False
$$ Ld Emergen C 2Ct,6 PK/SLV,33,24,10,C,False
$$ Ld Nyquil Severe 4 Ct,6 PK/SLV,33,21,3,C,False
Veg Fzn Blend Antigua,8-3#/CASE,32,30,13,C,False
Pasta Egg Noodles,10LB/BOX,32,28,3,C,False
Cntr Hinged 24Oz Sq Clear 2Go,200 EA/CS,32,31,11,C,False
Grain Rice Brown Long Kosher,25 LB/BAG,32,27,4,C,False
$$ Miss Vickies Simple Sea Salt,64-1.375 OZ/CS,32,27,2,C,False
Lid For 12&16 & 24 Oz Soup Bowl Compost,500 EA/CS,32,22,4,C,False
Sauce Soy,4-1GAL/CS,31,30,4,C,False
Lid Plstc Souffle 2Oz (Hot),2500/CS,31,30,4,C,False
Soup Base Gf Veg Golden,6-16 OZ/CS,31,24,12,C,False
Dssrt Bd Choc Bacio Di Dama,111 EA/CS,31,19,3,C,False
Bun Pretzel Salt King Hawaiian,8-4 EA/CS,31,21,4,C,False
Oil Olive Extra Virgin,4-3 LTR/CS,31,12,6,C,False
Fish Surimi Seafood Flakes,12-2#/CASE,31,9,4,C,False
$$ Ld Advil 6Ct,6 PK/SLV,30,30,2,C,False
Soup Base Gf Chix,6-1#/CS,30,27,12,C,False
Pc Sauce Dipping Barbeque,100/CS,30,26,5,C,False
Noodle Udon Pre-Cooked,4-5 LB/CS,30,13,7,C,False
Cap Red Crew Ldr,EACH,30,31,1,C,False
$$ Ramune Bev Blue Hawaiian,24 EA/CS,30,16,4,C,False
$$ Pc Hummus W/Pretzel Rstd Garlic,12 EA/CS,29,25,4,C,False
Clnr Ecl Smrtpwr Rnse All Pur,2-2.5#/CS,29,16,4,C,False
Liquor Wine Red Dry Franz,5 LITER BOX,29,11,2,C,False
Stb Cup Cold 12Oz,1060 EA/CS,29,9,2,C,False
# Sambazon Dragonfruit Scoopable,3 GAL TUB,28,31,1,C,False
$$ Yog Chob Flip Strawb Cheesecake,12 EA/CS,28,27,5,C,False
$$ Pc Hummus W/Pretzel Rstd Pepper,12 EA/CS,28,23,4,C,False
Marinade Tandoori,4#/CNTR,28,22,7,C,False
Roll Gf Hamburger,6-4 CT/CS,28,20,8,C,False
Entree Prep Eggplant Brd Cutlets,2-5#/CS,28,18,6,C,False
Shirt Polo Navy 3Xlarge,EACH,28,27,2,C,False
Pc Dress Ranch Garden,60 EA/CS,27,30,5,C,False
$$ Ld Dayquil Severe 4 Ct,6 PK/SLV,27,27,6,C,False
$$ Ld Esset Toothpaste & Brush Peg,4 PK/SLV,27,25,3,C,True
Pretzel Bites,500 EA/CS,27,22,1,C,False
Bakex Wht Straw Tumbler Custom Print,EACH,27,36,2,C,True
Wrap Sub 18X20 Grease Resistant,1000 EA/CS,27,23,10,C,False
Tea Teav Harmonic Mint,6-24 EA/CS,27,16,1,C,False
Veg Fzn Pot F/F Sidewinders,6-4#/CS,27,29,5,C,False
Dssrt Bd Lemon Bar,156 EA/CS,27,13,6,C,False
Pc Cheese Crm Chive And Onion 1 Oz,100 EA/CS,27,18,11,C,False
Clnr Ecl Lime Away Deliming,4 GAL/CASE,26,30,6,C,False
Dress Mix Ranch Hidden Valley,18-3.2OZ/CS,26,29,10,C,False
Beef Slcd Marinated,2-5 LB/CS,26,28,2,C,False
Noodle Fzn Lo Mein Precooked,6-5LB/CS,26,24,2,C,False
Flatware Plstc Forks Bl,1000 EA/CASE,26,19,4,C,False
$$ Pringles Sour Crm & Onion 2.38Oz,12 EA/CS,25,30,3,C,False
$$ Miss Vickies Sea Salt Vinegar,64 EA/CS,25,31,2,C,True
Veg Fzn Peas,12-2.5#/CS,25,22,7,C,False
Sauce Gf Tamari Soy,6-1.69 QT/CS,25,24,12,C,False
Base Cptl Flav Concentrate,6-14.4 OZ/CS,25,22,7,C,False
Tray Food 3# Paper Compost,500 EA/CS,25,21,8,C,False
"# Roll Amoroso Esl 12""",48 EA/CS,25,23,1,C,False
Tea Teav Ginger Peach Green,6-24 EA/CS,25,12,6,C,False
Sauce Mustard Yel Disp Pack,2-1.5GAL/CS,25,12,7,C,False
Stb Coffee Pike Place 5Oz,32-5 OZ/CS,24,30,11,C,True
$$ Guacamole W Tostito,12 EA/CS,24,25,8,C,True
Juice Fzn Express Lemonade,3-3 LITRE/CS,24,24,1,C,False
Veg Fzn Blend Whl Bean Carrot,12-2 LB/CS,24,23,5,C,False
$$ Meiji Hello Panda Strawberry 7Oz,6 EA/CS,24,22,5,C,False
# Oats Rolled Old Fashioned Gf,25 LB/BAG,24,18,3,C,False
Wrap Tortilla Honey Wheat,6 DOZ/CS,23,31,4,C,False
Glove Nitrile Pf Xlarge,10-100 EA/CS,23,26,9,C,False
$$ Yog Chob Blueb,12 EA/CS,23,26,8,C,False
Fru Fzn Mango Chunk Iqf,10#/CS,23,26,8,C,False
Fru Dried Cranberry Kosher,10#/CS,23,23,4,C,False
Dssrt Baklava,24 EA/CS,23,26,6,C,False
Box Pizza Slcd Indv Lg,400/CS,23,23,7,C,False
Steamed Bun,6-24 EA/CS,23,18,9,C,False
Cheese Mozz Fresh Ball 0.6Oz,2-3#/CS,23,15,5,C,False
"Daydots Fri 2"" Green",500 EA/ROLL,23,15,7,C,False
Cap Charcoal Cul Asst,EACH,23,22,2,C,False
$$ Hitempura Seaweed Snack Org,12 EA/CS,23,8,13,C,False
$$ Ld Mucinex Dm 2 Ct,6 EA/SLV,22,23,3,C,False
Bun Pretzel 4Oz,72 EA/CS,22,19,1,C,False
Juice Lemon,12-32 OZ/CS,22,17,7,C,False
$$ Kc Granola Cookie Butter,5 EA/CS,22,24,5,C,False
$$ Almond Milk Orig 32Oz,6-32 OZ/CS,21,30,8,C,False
Topping Choc Wafer Cookie Pieces,30 LB/CS,21,26,8,C,False
Cheese Curds Brd,12 LB/CS,21,25,1,C,True
Juice Lime,*4 GAL/CS,21,24,12,C,False
Vinegar Rice Unseasoned Kosher,4-1GAL/CS,21,23,4,C,False
$$ Sabra Guacamole Classic 7 Oz,8-7 OZ/CS,21,27,10,C,False
Soup Tomato,12-50 OZ/CS,21,20,6,C,False
Tea Teav English Breakfast,6-24 EA/CS,21,13,1,C,False
$$ Yog Silk Nd Blueberry,8 EA/CS,21,12,5,C,False
$$ Almond Milk Vanilla 32Oz,6-32 OZ/CS,20,25,10,C,True
$$ Pringles Original 5.26Oz,14 EA/CS,20,23,10,C,False
Sauce Chili Sriracha Kosher,12-28 OZ/CS,20,22,10,C,False
Cheese Prov Sharp,CATCH WGT/#,20,25,3,C,True
$$ India Dal Makhani W/ Basmati Rice,6 EA/CS,20,14,9,C,False
$$ Cup N Lids Combo 12 Oz,12-16 CT/CS,20,8,10,C,False
# Cho Sauce Spicy Mango,6-64 OZ/CS,20,7,6,C,False
$$ Yog Silk Nd Strawberry,8 EA/CS,19,29,12,C,False
Bakea Choc Morsels Semi Swt 900Ct,50 LB/CS,19,50,3,C,False
$$ Bowl Paper Anyday 12 Oz,12-34 CT/CS,19,24,7,C,False
$$ Miss Vickies Smkhse Bbq,64-1.375 OZ/CS,19,25,4,C,False
$$ Pringles Sour Crm & Onion 5.57Oz,14 EA/CS,19,22,7,C,True
Roll Gf Hoagie,12 EA/CASE,19,21,5,C,False
Stb Syrup Brown Sugar,*6-1LTR/CS,19,20,12,C,False
$$ Red Plate Cookie Iw Cchip Af,12 EA/CS,19,19,1,C,False
$$ Ath Mush Peanut Butter,8 EA/CS,19,18,3,C,False
Gloves Vinyl Pf Xxl Disposable,1000 EA/CS,19,16,3,C,False
Pc Sauce Dipping Buffalo,100 EA/CASE,19,16,7,C,False
# Eggroll Beef Cheese Stk 3.0Oz,60 EA/CS,19,27,11,C,False
Spice Shichimi Togarashi (Nanami),1 LB/BAG,19,11,4,C,False
Fru Mandarin Orange Sections,6/10 CN,18,24,2,C,False
Syrup Coffee Sf Van,*4-LTR/CS,18,23,8,C,False
Vinegar Cider,4 GAL/CS,18,23,12,C,False
# Cho Soup Yellow Lentil,6-1/2 GAL,18,26,11,C,False
Glove Cut Resistant Medium,EACH,18,21,10,C,False
Veg Fzn Blend Italian,12-2#/CS,18,21,4,C,False
$$ Samyang Carbo Chix Topokki Hot,16 EA/CS,18,16,5,C,False
$$ Rheechun Rice Cooked,12 EA/CS,18,14,10,C,False
Pasta Gemelli,2-10 LB/CS,18,14,9,C,False
Roll Hot Dog Potato,144 EA/CS,18,15,6,C,False
"Dough Puff Sq 5""X5""",120 EA/CS,18,13,2,C,False
Veg Beans Pinto,6-#10CN/CASE,18,13,3,C,False
Bev Mix Nes Sbc Coffee Ps Wb,6-12 OZ/CS,18,12,12,C,False
"Daydots Sun 2"" Bl",500 EA/ROLL,18,11,7,C,False
# Bevi Peach Mango,1 GAL,18,11,6,C,False
Stb Sauce White Chocolate,4-63OZ/CS,17,26,4,C,False
$$ Ld Tylenol Es Caplet 6 Ct,6 PK/SLV,17,25,10,C,False
Stb Fru Dried Dragonfruit,12-75 GM/CS,17,23,3,C,False
Juice Fzn Express Passion Org Guava,CASE,17,19,10,C,False
# Cho Mango Lemonade Concentrate,4-80 OZ/CS,17,21,12,C,False
Stb Coffee Veranda 5Oz,32-5 OZ/CS,17,17,1,C,False
"Daydots Mon 2"" Blue",500 EA/ROLL,17,16,8,C,False
"Daydots Wed 2"" Red",500 EA/ROLL,17,14,2,C,False
$$ India Chana Masala W/Rice,6 EA/CS,17,14,6,C,False
Bakea Sprinkles Rainbow Mix,6#/BOX,17,11,9,C,False
Fish Salmon Filet 4Oz,10#/CS,17,11,2,C,False
Veg Beans Great Northern,6/10 CN,17,10,3,C,False
Cookie Bky Raw Cs 1Oz Sug,120 EA/CS,16,29,7,C,False
$$ Meiji Chocorooms,12 EA/CS,16,22,9,C,False
$$ Pringles Salt & Vinegar 2.5Oz,12 EA/CS,16,19,2,C,False
Tea Teav Black Iced 1.25Oz,20-1.25OZ/CS,16,17,6,C,False
Bakea Leavening Yeast Instant,16 OZ,16,34,8,C,False
Juice Fzn Express Pom Lemonade,3-3 LITRE/CS,16,16,1,C,False
Egg Substitute Liquid,12-2#/CS,16,14,5,C,False
Label Dining Qr Survey,8 ROLLS/CS,16,15,8,C,False
Spice Cumin Seed Ground Kosher,6-14OZ/CS,16,13,4,C,False
# Hub App Potsticker Pork,6-30 EA/CS,16,13,2,C,False
Pc Sauce Honey Hot Wing,100 EA/CS,16,13,1,C,False
Veg Fzn Pot Fries Coated Kosher,6-4.5 #/CS,16,22,9,C,False
Cracker Saltine 2Pk,500 PKG/CS,16,11,5,C,False
Fill Pie Apple,3-#10 CN/CS,16,11,10,C,False
# Cho Sauce Mint Yogurt,6-64 OZ/CS,16,9,4,C,False
"Chix Brst Fc Diced 3/4""",10#/CASE,15,23,10,C,False
Flatware Plstc Teaspoon Bl,1000 EA/CASE,15,21,6,C,False
Pc Crmer Half & Half Shelf Stable,384-.304 OZ/CS,15,21,6,C,False
"Daydots Thur 2"" Brn",500 EA/ROLL,15,16,3,C,False
Tea Teav Radiant Green,6-24EA/CS,15,13,6,C,False
Pasta Spirals (Rotini),20LB/BOX,15,13,4,C,False
$$ Halal Sr Chicken Tikka Masala,8 EA/CS,15,13,1,C,False
# Chix Tenders Kosher,20 LB/CS,15,18,5,C,False
$$ Kc Granola Honey Oat,5 EA/CS,15,20,7,C,False
"Daydots Sat 2"" Orange",500/ROLL,15,9,9,C,False
Pc Jelly Grape,200/CS,15,8,4,C,False
Pc Cheese Crm Lf 3/4Oz,100 EA/CASE,15,7,3,C,False
$$ Yog So Delicious Nd Raspberry,12 EA/CS,15,9,6,C,False
$$ Pringles Barbeque 2.5Oz,12 EA/CS,14,23,6,C,False
# Beef Patty Fc 5Oz Concession,32-5OZ/CS,14,23,12,C,False
Water Flav Strawb Kiwi,3-3 L/CS,14,17,11,C,False
$$ Kc Smores Flapjack,12 CUPS/CS,14,18,8,C,False
Sweatshirt Qt Zip Navy Large,EACH,14,19,4,C,False
$$ Ath Mush Apple Cinnamon,8 EA/CS,14,16,6,C,False
Pasta Fzn Gnocchi,5-2.2 LB/CS,14,15,15,C,False
$$ Rijuice Strawberry Sam,12 EA/CS,14,15,5,C,False
Tea Teav Modern Earl Grey,6-24 EA/CS,14,14,7,C,False
$$ Stacy'S Simply Naked 7.33Oz,12 EA/CS,14,13,3,C,False
$$ Bar Perfect Dk Choc Chip Pb,16 EA/CS,14,13,7,C,False
App Samosa Veg,2-4#/CS,14,18,6,C,False
$$ India Rajma W/ Rice,6 EA/CS,14,13,10,C,False
$$ Almond Milk Drk Choc,12-10 OZ/CS,14,11,2,C,False
$$ Yog Oikos Blueberry 5.3Oz,12 EA/CS,14,13,2,C,False
Bev Base Fzn Smoothie Strawb/Ban,24 EA/CS,14,13,3,C,False
Clnr Ecl Smartpower Pot And Pan Soak,3-5#/CS,14,11,10,C,False
Liquor Sherry Taylor Dry,3L,14,15,3,C,False
Clnr Ecl Solid Metal Pro,4-8#/CS,14,6,2,C,False
"Plate 10"" Rd Compost",500 EA/CS,13,26,8,C,True
Nut Peanut Pb Stock Honey,30#/CS,13,22,5,C,False
Tray Food 2# Paper Compost,1000/CASE,13,21,10,C,True
$$ Ld Tylenol Sinus Svr 6 Ct,6 PK/SLV,13,19,4,C,False
Veg Fzn Carrots Whl Baby,12-2#/CASE,13,15,10,C,False
$$ Bare Fuji & Reds Apple 1.4Oz,6 EA/CS,13,16,5,C,False
Veg Fzn Mixed,12-2.5 LB/CS,13,12,5,C,False
$$ Pitaya Bowl Protein Blue Spirulina,8 EA/CS,13,11,2,C,True
Box Pizza 9X9X1.5 Clayboard Whte,100/BDL,13,12,6,C,False
Stb Soy Milk Vanilla,8-64 OZ/CS,13,11,5,C,False
Cup 24Oz Clear Pet,600 EA/CS,13,13,2,C,False
$$ Ramune Bev Strawberry,24 EA/CS,13,16,5,C,False
$$ My Mochi Ripe Strawberry Ss,72 EA/CS,13,6,1,C,False
Paste Tikka Masala,*4 CNTR/CS,12,29,20,C,False
Picnic Pack Hvy Wt Black,250 EA/CS,12,18,5,C,False
$$ Meiji Hello Panda Vanilla 7Oz,6 EA/CS,12,18,12,C,False
$$ Pringles Sour Cheddar 2.38Oz,12 EA/CS,12,17,6,C,False
$$ Kc Choc Fudge Brownie Cup,12 CUPS/CS,12,18,6,C,False
$$ Ath Mush Vanilla Bean,8 EA/CS,12,18,6,C,False
$$ Oatmilk Original 11Oz,12-11 OZ/CS,12,14,7,C,False
Bakex White Tumbler Custom Print,EACH,12,32,9,C,True
$$ Binggrae Samanco Choc 4Pk,6-4 PK/CS,12,20,10,C,False
$$ Hbc Olly Tt Restful Sleep,24 EA/CS,12,11,3,C,False
Stb Cup Hot 16Oz,920 EA/CS,12,10,2,C,False
Bakea Donut Fritter Apple,96 EA/CS,12,18,8,C,False
# Cornstarch Bulk,50 LB/BAG,12,12,9,C,False
Fish Calamari Breaded,6-2#/CS,12,11,9,C,False
Chix Quarter 8-10Oz,33.75 LB/CS,12,9,2,C,False
$$ Orion Turtle Chips Seaweed,12 EA/CS,12,8,5,C,False
$$ Pringles Hot Ones Calientes Rojo,14 EA/CS,12,8,5,C,False
Clnr Keating Klenser,12 CANS/CS,12,5,2,C,False
Rice Milk Kosher,6-32 OZ/CS,11,20,9,C,False
Spice Salt Cooking,50#/BG,11,19,6,C,False
"Bread Flat 6.5"" X 6.5""",120-3.3OZ/CS,11,18,8,C,False
Pc Sauce Dipping Mustard Honey,100/CS,11,17,9,C,False
"Daydots Tue 2"" Yel",500 EA/ROLL,11,15,12,C,False
Grain Quinoa,25#/BAG,11,14,5,C,False
$$ Pringles Barbeque 5.57Oz,14 EA/CS,11,14,3,C,False
Ginger Puree,6-32OZ/CS,11,14,6,C,False
$$ Ld Pepto Bismol 6 Ct,6 PK/SLV,11,14,1,C,False
Cereal Cold Cinn Toast Crunch,4-45 OZ/CS,11,14,5,C,False
Fru Applesauce,6/10 CN,11,11,2,C,True
Stb Cup Hot Sleeve 12/16/20,1380/case,11,12,8,C,False
Tea Teav Chamomile Blush,6-24 EA/CS,11,11,10,C,False
Pc Dress Ff Ranch,60 EA/CS,11,12,2,C,True
$$ Pringles Pizza 2.5Oz,12 EA/CS,11,10,3,C,False
$$ Kc Granola Chocolate,5 EA/CS,11,20,11,C,False
$$ Gogo Squeez Al Cherry Rasp Lime,6 BX/CS,11,11,5,C,False
Bread Crumbs,20#/CS,11,6,8,C,False
# Btrsta Tapioca Brown Sugar,20-1.1 LB/CS,11,12,3,C,False
$$ Smoodi Strawberry Banana,12 EA/CS,10,20,6,C,False
Fuel Canned - 6 Hour Wick,24 CN/CS,10,19,7,C,True
Miso Traditional,2.2#/PKG,10,20,12,C,False
Ecl Trigger For Spray Bottle,EACH,10,25,7,C,False
Veg Pot Scalloped Mix Dry,12-20.35OZ,10,15,3,C,True
$$ Kc Double Dark Choc Muffin Cup,12 CUPS/CS,10,15,5,C,False
$$ Rijuice Ginger Turmeric 2 Oz,12 EA/CS,10,18,10,C,False
Veg Beans Red Kidney,6/10 CN,10,14,10,C,False
Bakea Donut Cake Apple Cider,96 EA/CS,10,20,12,C,False
Soup Base Gf Beef,6-1#/CS,10,11,8,C,False
Liner Pan Nylon For 1/4 & 1/3,100 EA/CS,10,13,2,C,True
Tea Teav Chai Classic,6-24 EA/CS,10,10,6,C,False
$$ Nongshim Shin Ramen Blk 4Pk,4-4 PK/CS,10,10,5,C,False
Mushroom Pulled Shittake Fzn Bulk,6-2.2 LB/CS,10,9,4,C,False
Fru Fzn Blueberry Kosher,30#/CS,10,9,2,C,True
Oil Coating Waffle Iron Spray,EACH,10,9,5,C,False
Hooded Jacket - Medium,EACH,10,16,7,C,False
Shirt Work Hfs Navy - Xl,EACH,10,20,12,C,False
"Puff Pastry Sht 10""X15""",20-12OZ/CS,10,6,8,C,False
Pc Swtnr Artfcl Splenda,2000/CASE,10,6,3,C,False
$$ Halal Sr Chix Enchiladas Poblano,8 EA/CS,10,10,1,C,False
"Brush Grill Dbl Sided 30""",EACH,10,3,2,C,False
Stb Coffee Veranda 9Oz,28-9 OZ/CS,9,20,10,C,False
Bakea Danish Snail Pln P&B,120 EA/CS,9,17,11,C,False
$$ Smoodi Brain Boost,12 EA/CS,9,17,1,C,False
$$ Ath Mush Wild Blueberry,8 EA/CS,9,15,14,C,False
$$ Pitaya Bowl Protein Acai,8 EA/CS,9,14,10,C,True
# Cho Samosa,4-5# BAG/CS,9,14,3,C,False
$$ Almond Milk Vanilla Unsweetened,12-10 OZ/CS,9,12,6,C,False
Liners Pan 16X24.5 Single Use,1000EA/CS,9,12,9,C,False
Cntr Bowl 24Oz Plstc Clear,252 EA/CS,9,12,4,C,False
Pc Jelly Strawberry Jam,200/CS,9,11,11,C,False
$$ Muffin Iw Lemon Blueberry Af,12 EA/CS,9,11,4,C,False
$$ Pitaya Bowl Protein Dragon Fruit,8 EA/CS,9,10,6,C,True
# Roll Challah Parve Kosher,90 EA/CS,9,14,7,C,False
Sauce Tabasco,12/12 OZ,9,8,3,C,False
"Lid Caterware Dome 12""",25/CS,9,9,4,C,False
Dress Blue Cheese,4-GAL/CASE,9,9,2,C,False
Shell Gf Pizza,20 EA/CS,9,8,7,C,False
$$ Izze Clementine Can,24 CANS/CS,9,7,1,C,True
"Wrap Foil 18""",3 ROLLS/CS,9,7,5,C,False
Veg Fzn Spinach Leaf Iqf,20 LB/CS,9,6,3,C,False
Pasta Spaghetti #9 Thin Cut,20LB/BOX,9,6,1,C,False
Spice Oregano Whl Kosher,3 CNTR/CASE,9,6,2,C,False
Cereal Cold Fruity Pebbles,12-15OZ/CS,9,7,3,C,False
$$ My Mochi Cookies And Cream Ss,72 EA/CS,9,5,5,C,False
# Bjc Box Chicken Tender White,300 EA/CS,9,11,4,C,False
$$ Lotte Pepero White Cookie Stick,40 EA/CS,9,4,1,C,False
Bakex Label Cirlce 3.5”,1800 EA/ROLL,9,11,4,C,False
Bakea Short Solid Ap,50 LB/BOX,8,54,11,C,False
Veg Fzn Peas Sugar Snap,12-2#/CASE,8,24,9,C,False
Oatmeal Reg Rolled,50 LB/BAG,8,20,4,C,True
Pc Dress Italian Golden,60 EA/CS,8,17,9,C,False
$$ Ld Benadryl 6Ct,6 EA/SLV,8,18,8,C,True
Juice Pineapple,12/46 OZ,8,16,8,C,False
Fru Peaches Slcd,6/10 CN,8,16,8,C,True
$$ Muffin Iw Drk Chocolate Af,12 EA/CS,8,16,9,C,False
Cndy M&M Bulk Plain Mini,25 #/CASE,8,15,4,C,False
Cup Plstc Tumbler 9Oz,240/CS,8,13,2,C,False
$$ Ld Duct Tape 1.5X10,4 EA/SLV,8,13,5,C,False
Vgtn Patty Blk Bean 3.3Oz,48 EA/CASE,8,13,4,C,False
Clnr Ecl No Rinse Alk Flr Clnr,2.5GAL/CNTR,8,11,2,C,True
Spice Garlic Powder Kosher,6-21 OZ/CS,8,10,5,C,False
Grain Rice Sushi,50#/BAG,8,10,11,C,False
Vgtn Bulgogi Beef Soy Based,10-2.2 LB/CS,8,10,7,C,False
Yog So Delicious Nd Bulk Plain,6-24 OZ/CS,8,11,4,C,False
# Bevi Lemon,1 GAL,8,12,6,C,False
Bakea Danish Strawberry Cheesecake,84 EA/CS,8,15,9,C,False
Flatware Plstc Knives Bl,1000 EA/CASE,8,9,6,C,False
Liners Pan 16.75 X 12.25 Multi Use,2000 EA/CS,8,8,1,C,False
$$ Ramune Bev Pineapple,24 EA/CS,8,12,6,C,False
$$ Gatorade Energy Chews Cool Blue,16-6 CT/CS,8,9,2,C,False
$$ Bottle Custom Psu,20 EA/CS,8,10,3,C,False
$$ Pringles Hot Ones Calientes Verde,14 EA/CS,8,6,5,C,False
Stb Lid Cup Hot 8Oz,780 EA/CS,8,4,1,C,False
Nut Mix Trail D Delight,20#/CS,8,5,1,C,False
# Btrsta Black Tea,4-1 GAL BIB,8,8,1,C,False
Sauce Salsa,4 GAL/CASE,7,30,27,C,False
$$ Cookie Iw Snickerdoodle Af,12 EA/CS,7,18,11,C,False
Sweatshirt Qt Zip Navy Medium,EACH,7,20,2,C,False
Glove Cut Resistant Small,EACH,7,13,7,C,True
Big Mozz Nuggets,6-2# BAG/CS,7,14,9,C,False
# Cho Veg Croquette,4-5# BAG/CS,7,14,11,C,False
$$ 88 Acres Dk Choc Sea Salt Granola,6 EA/CS,7,11,4,C,False
Pasta Linguine #12,20#/BOX,7,10,6,C,False
Sauce Fzn Thai Chili Garlic,6-4 LB/CS,7,10,7,C,False
$$ Realsy Iw Pnut Butter Filled Date,40 EA/CS,7,9,3,C,True
Pc Sugar,2000/CS,7,9,3,C,False
Stb Iced Coffee Blend 9Oz,28-9 OZ/CS,7,8,2,C,False
# Bevi Raspberry,1 GAL,7,12,7,C,False
$$ Soymilk Chocolate 8Oz,18-8 OZ/CS,7,8,5,C,False
Clnr Alto Shm Combicln Ctptab,50 TABS/BKT,7,7,2,C,False
Bev Mix Nes Alegria Choc Bev Mix,6-1.75#/CS,7,10,4,C,False
Wrap 12X12 Blue/Wht Chkd,5000/CS,7,7,2,C,True
$$ Wrap Sr Butter Chix Burrito,12 EA/CS,7,8,10,C,False
Hooded Jacket - 2Xl,EACH,7,12,7,C,False
$$ Wrap Sr Chix Tikka Masal Burrito,12 EA/CS,7,7,8,C,False
# Dssrt Mini Bd Baby Cakes Asst,144 EA/CS,7,8,2,C,False
Grain Farro,12-17.6 OZ/CS,7,3,1,C,False
Spice Basil Leaves Kosher,3-22OZ/CS,7,3,1,C,False
Liquor Vodka Vladimir,1.75 LITER,6,22,11,C,False
Clnr Ecl Grease Cutter Plus,4 GAL/CASE,6,17,11,C,True
Soymilk 32Oz Reg,12-32 OZ/CS,6,17,11,C,False
"Pie Shell 9""",20 EA/CS,6,17,8,C,False
Tray Food 1/2# Compost,1000/CS,6,16,6,C,False
Stb Sauce Caramel,4-63OZ/CS,6,14,8,C,False
$$ Hbc Axe Apollo Body Wash 16Oz,4 BTL/CS,6,15,7,C,False
Spice Cajun Seasoning Kosher,6-18OZ/CS,6,14,8,C,False
$$ Rijuice A Million Bucks,12 EA/CS,6,15,10,C,False
Dress Vin Balsamic,4-1 GAL/CS,6,11,7,C,False
Cornstarch Kosher,24-1LB/CS,6,10,6,C,False
$$ Oh Snap Carrot Cuties 2.25 Oz,12 EA/CS,6,10,5,C,False
Veg Peppers Red Slcd Rstd,6-#10 CN/CS,6,10,8,C,False
$$ Bar Probar Base Cookie Dough,12 BARS/BOX,6,12,2,C,True
Soymilk 32Oz Vanilla,12-32 OZ/CS,6,9,4,C,False
# Box 8X6X3 Compost Kraft,200 EA/CS,6,9,2,C,False
$$ Lesset Toothbrush Soft Peg,* 8 BX/CS,6,8,3,C,False
Lid Bowl 24/32Oz Dome Clear,252 EA/CS,6,8,4,C,False
$$ Ld Dramamine 2 Ct,6 EA/SLV,6,7,1,C,False
$$ Bar Gp Nutrigrain Strawberry,12 BX/CS,6,8,2,C,False
$$ Pizza Bagel Kosher,12 BOX/CASE,6,6,1,C,False
"# Bjc Straw Wrapped 10.25""",4-500/CS,6,7,2,C,False
$$ Quaker Inst Oatmeal Cup Apple Cinn,24-1.51OZ/CS,6,6,2,C,False
$$ Muscle Milk Chocolate 1.93#,2-1.93#/CS,6,10,5,C,False
Soup Base Gf Turkey,6-1#/CS,6,6,9,C,False
$$ Oh Snap Cool Beans 1.5 Oz,12 EA/CS,6,5,5,C,False
$$ My Mochi Double Chocolate Ss,72 EA/CS,6,4,3,C,False
$$ Bottle Shaker Gatorade,10 EA/CS,6,7,2,C,False
# Cho Sauce Sweet Tango,6-.5 GAL.CS,6,7,2,C,False
Ccare Beef Meatball .5Oz,10 LB/CS,6,4,1,C,False
Shirt Hfs Polo Mens Navy Xl,EACH,6,9,4,C,False
Blades Repl Keating Grl/Scrp,10 EA/PKG,6,4,3,C,False
$$ Llk Sauce Sriracha Mayo,12 EA/CS,6,3,2,C,False
Stb Cup Cold 16Oz,1000 EA/CS,5,23,12,C,False
Clnr Ecl Wash & Walk,2.5 GAL/CS,5,19,12,C,False
Pretzel Stk Soft Bavarian,72-2.4oz/CS,5,18,5,C,True
Cereal Cold Lucky Charms,4-35 OZ/CS,5,16,11,C,False
$$ Ath Mush Dark Chocolate,8 EA/CS,5,18,11,C,False
$$ Miss Vickies Spicy Dill Pickle,64-1.375 OZ,5,15,11,C,False
# Ath Beef Cheese Stk Meat Fc,10 LB/CS,5,13,6,C,False
# Cho Spice Whit Rice,60-90G/CS,5,14,19,C,False
Clnr Ecl Maxx Dual Action,2.5 GAL/CNTR,5,12,7,C,False
Vinegar Whit Distilled Kosher,*4-1GAL/CS,5,12,7,C,False
Lid For 24Oz Square Cntr 2G0,504 EA/CS,5,13,8,C,False
Vinegar Red Wine,4 GAL/CS,5,11,6,C,False
$$ Soymilk Vanilla 8Oz,18-8 OZ/CS,5,11,5,C,False
$$ Hbc Ogx Conditioner Coconut Milk,4 EA/CS,5,11,9,C,True
$$ Halal Sr Coconut Curry Chicken,8 EA/CS,5,9,6,C,False
$$ Gogo Sq Al Blueb Strawb Lemon,6 BX/CS,5,10,11,C,False
Pc Sauce Dipping Swt & Sour,100/CS,5,10,6,C,True
Sweatshirt Qt Zip Navy Small,EACH,5,13,8,C,False
$$ Yp Topokki Rice Cake W/Sauce,30 EA/CS,5,8,6,C,False
Cookie Chinese Fortune Indv,400EA/CS,5,8,3,C,False
App Pickle Chip Fried,6-2#/CS,5,8,9,C,False
$$ Samyang Buldak Hab Lime Ramen 5Pk,8-5 PK/CS,5,10,6,C,False
Vegan Mayo,4-1 GAL/CS,5,7,3,C,False
$$ Smoodi Peanut Protein,12 EA/CS,5,7,1,C,False
$$ Bar Dp Nutrigrain Strawberry,3 BX/CS,5,7,2,C,False
"# Pizza 16"" Cheese",9 EA/CS,5,7,2,C,False
Chix Drumstick,20.5 LB/CS,5,7,3,C,False
# Cho Mint Ginger Lemonade Conc,6-48 OZ/CS,5,8,8,C,False
$$ Ld Advil Pm 6Ct,6 PK/SLV,5,6,9,C,False
Cereal Cold Cheerios,4-29 OZ/CS,5,6,1,C,True
Glove Cut Resistant Xsmall,EACH,5,7,4,C,True
Veg Tomato Paste,6/10 CN,5,6,6,C,False
Cup 12Oz Clear Pet,1000/CS,5,5,1,C,True
Cheese Queso Fresco,4-5LB/CS,5,5,1,C,False
$$ Gatorade Zero Pwdr Glac Freeze,12-10 CT/CS,5,8,4,C,False
# Rugelach Chocolate Kosher,160 EA/CS,5,6,2,C,False
$$ Cc Real Snack Stick Orig Smoke,* 6 BX/CS,5,5,1,C,False
Liquor Rum Dark Myers,750 ML,5,6,2,C,False
Filter Fryer 13.5 X 20.5 Envlp Hp,100 EA/CS,5,4,1,C,False
# Btrsta Mango,4-1 GAL BIB,5,5,1,C,False
$$ Halal Sr Chix Pad Thai,8 EA/CS,5,7,3,C,False
# Bjc Oil Popcorn,4-1 GAL/CS,5,5,1,C,False
$$ Propel Pwdr Kiwi Strawberry,12-10 CT/CS,5,5,1,C,False
Sauce Teriyaki,6-5 LB/CS,4,30,27,C,True
Pc Honey,200 EA/CASE,4,14,15,C,False
Glove Nitrile Pf Medium,10-100 EA/CS,4,14,12,C,False
Cracker Asst Bulk,6.25#/CS,4,13,9,C,False
$$ Ath Kc Buttermilk Maple Flapjack Cup,12 CUPS/CS,4,14,10,C,False
Clnr Ecl Apex Presoak,3-4#/CS,4,12,10,C,False
$$ Rijuice Orange You Glad,12 EA/CS,4,13,8,C,False
Safty Bag Opener,6EA/BOX,4,13,8,C,True
Cereal Cold Frosted Flakes,4-40 OZ/CS,4,11,8,C,False
Veg Peppers Rstd,6-#10CN/CASE,4,10,11,C,False
Bakea Sprinkles White,6 LB/BOX,4,11,10,C,False
Veg Pot Granules/Pearls,6-3.24 LB/CS,4,10,7,C,False
Spice Salt Kosher,12-3#/CASE,4,9,10,C,False
$$ Bolt Probar Strawberry,12 PKGS/SLV,4,9,9,C,True
App Pakora Veg,2-4#/CS,4,13,11,C,False
Tea Teav Green (Zen) Iced 1.25Oz,24-1.25 OZ/CS,4,8,6,C,False
Pasta Gf Penne Kosher,8 BX/CS,4,8,9,C,False
$$ Ld Nasal Spray 6.0Ml,6 EA/SLV,4,7,8,C,False
Pasta Fzn Sht Reg 4Oz,48 CT,4,7,8,C,False
"Daydots Wed 1"" Red",1000 EA/ROLL,4,7,2,C,True
Olive Stuffed Manzanilla,4/GAL,4,6,5,C,False
Cup Plstc Souffle 4Oz (Hot),2500/CS,4,6,6,C,False
Lid Plstc Souffle 4Oz (Hot),2500/CS,4,6,8,C,False
$$ Bar Dp Nutrigrain Apple Cinnamon,3 BX/CS,4,7,1,C,False
$$ My Mochi Sweet Mango Ss,72 EA/CS,4,5,10,C,False
Creamer Coffeemate Frnch Vanilla,3 CNTR/CS,4,5,5,C,False
Pad Scouring Purple,24 EA/BOX,4,5,2,C,False
Paste Gochujang,12 CNTR/CS,4,5,7,C,False
Mirin,6-2 QT/CS,4,5,5,C,False
$$ Gatorade Hydration Citrus Berry,8-6 CT/CS,4,8,5,C,False
Pasta Shells Med,20LB/BOX,4,5,2,C,False
Fill Pie Blueberry,3-10# CN/CS,4,5,2,C,False
$$ Bar Rxbar Blueberry 1.83Oz,* 6 BOX/CS,4,4,1,C,False
Spice Thyme Leaves Kosher,6-6 OZ/CS,4,4,2,C,False
Flatware Bamboo Knife,2000 EA/CS,4,3,1,C,False
# Bjc Carry Out Trays,400/CASE,4,5,2,C,False
Pc Swtnr Artfcl Equal,2000/CASE,4,3,2,C,False
Spice Paprika Hungarian,6 CNTR/CS,4,3,2,C,False
Bakec Carob Drops,25 LB/CS,4,3,3,C,False
# Bjc Box Frybasket White,450 EA/CS,4,7,4,C,False
Bakex Cookie Jar Custom Prnt,EACH,4,6,3,C,True
Fleece Hfs Qtr Zip Navy Med,EACH,4,4,1,C,False
# Btrsta Coconut,4-1 GAL BIB,4,4,1,C,False
$$ Yog Silk Nd Vanilla,8 EA/CS,3,27,29,C,False
$$ Umbrella Golf Psu Logoed,EACH,3,23,7,C,False
Sweatshirt Qt Zip Navy Xlarge,EACH,3,16,5,C,False
Spice Paprika Ground Kosher,6 CNTR/CS,3,12,14,C,False
$$ Stacy'S Parm Garlic Herb 7.33Oz,12 EA/CS,3,11,15,C,False
Hooded Jacket - Large,EACH,3,12,5,C,False
$$ Bare Cinnamon Apple,6 EA/CS,3,10,6,C,False
$$ Oatmilk Chocolate 11 Oz,12-11 OZ/CS,3,9,8,C,False
$$ Bar Perfect Peanut Butter,16 EA/CS,3,10,9,C,False
Box Hinged 1Cmp 9X9X3 Compost,300 EA/CS,3,11,10,C,False
Cntr Takeout Green2Go Reusable,50 EA/CS,3,13,12,C,False
Stb Base Syrup Frappuccino,4-63OZ/CASE,3,9,6,C,False
$$ Bolt Probar Raspberry W/Caffeine,12 PKGS/SLV,3,9,8,C,False
$$ Ld Esset Nail Clipper W File Peg,12 PK/SLV,3,8,7,C,False
"Daydots Fri 1"" Green",1000 EA/ROLL,3,8,4,C,False
Stb Base Creme Frappuccino,4-63OZ/CASE,3,8,5,C,False
$$ Milk Org Chocolate 8Oz,18-8 OZ/CS,3,8,7,C,True
Cup 16Oz Clear Pet,1000/CASE,3,8,4,C,True
"Straw Plstc Jumbo 7.75""",24-500EA/CS,3,7,6,C,False
# Btrsta Creamer Nd Org,3-1 GAL BIB,3,16,15,C,False
Spice Coriander Ground Kosher,6-14OZ/CS,3,7,9,C,False
$$ My Mochi Cookies And Cream 6Pk,12 BX/CS,3,7,6,C,False
Roll Dinner Asst,96 EA/CS,3,7,2,C,True
$$ Hbc Deg Men Cool Rush 2.7Oz,*2-6 EA/CS,3,7,4,C,True
Flatware Bamboo Fork,2000 EA/CS,3,7,5,C,False
"Daydots Thur 1"" Brn",1000 EA/ROLL,3,6,4,C,False
Bagel Gf Plain,6-4PK/CS,3,6,4,C,False
$$ Ld Mouthwash 36 Ml Peg,4 EA/SLV,3,6,2,C,True
Clnr Steam Wand Schaerer,1 LTR BTL,3,8,6,C,True
$$ Pringles Mingles Whit Ched Ranch,6 EA/CS,3,6,3,C,True
$$ Hbc Deg Wm Black & Whit 2.6Oz,*2-6 EA/CS,3,5,2,C,False
Pasta Orzo,16-16 OZ/CS,3,5,4,C,False
Fill Pie Cherry,3-#10 CN/CS,3,5,5,C,False
Spice Paprika Smoked Kosher,6 CNTR/CS,3,5,1,C,False
Fru Fzn Strawb Slcd 4:1,6-6.5#/CASE,3,5,8,C,False
$$ Milk Org Vanilla 8Oz,18-8 OZ/CS,3,5,4,C,True
$$ Kasugai Jelly Grape,24 EA/CS,3,4,2,C,False
$$ Muscle Milk Vanilla 1.93#,2-1.93#/CS,3,8,6,C,False
$$ Lotte Pepero Choco Stick,40 EA/CS,3,4,7,C,False
Stb 701 Tablets,100 EA/BX,3,3,1,C,False
Horseradish Prepared,6-32 OZ/CS,3,3,6,C,False
Sauce Chili,6-#10 CN/CS,3,4,11,C,False
Pasta Ww Penne,20#/CASE,3,4,1,C,True
Ecl Bucket Green 3 Qt Soap Pail,EACH,3,6,4,C,False
$$ My Mochi Vanilla Bean Ss,72 EA/CS,3,3,4,C,False
$$ Ld Nyquil Liquid 1Oz,* 4 BX/CS,3,3,2,C,False
Mix Waffle/Pancake Af,5-3 LB/CASE,3,4,6,C,False
# Cho Spice Tofu/Veg,3.75#/CS,3,5,3,C,False
"# Plate 8"" Sq Bl Plstc",120 EA/CS,3,7,5,C,False
# Boba Creamer Nd,10-2.6 LB/CS,3,4,2,C,False
Dress Cole Slaw,4/GAL,3,3,1,C,False
Spice Parsley Flakes Kosher,* 4 CNTR/CS,3,3,2,C,False
Bakea Molasses Dark Kosher,4 GAL/CS,3,3,2,C,False
Lid Dwh 9/12/20Oz Pla,1000 EA/CS,3,4,2,C,False
$$ Ld Nighttime Cold 16 Ct,36 EA/CASE,3,2,2,C,False
Bakeb Box Cookie Tin 4X4X5,25 EA/BNDL,3,5,3,C,False
Coat Chef Woman Medium,EACH,3,5,3,C,False
Creamer Coffeemate Original,3 CNTR/CS,3,2,1,C,False
# Btrsta Cup 16Oz,1000 EA/CS,3,3,1,C,False
# Guacamole Kosher,12-1#/CS,3,3,1,C,False
Water Flav Mango,3-3 L/CS,2,18,15,C,True
Pad Scouring Hd 3.5X5,20 CS,2,15,12,C,False
Pita Whit Med,12-10CT,2,15,11,C,False
Cup 09Oz Clear Squat Pla,1000 EA/CS,2,14,10,C,True
Glove Cut Resistant Xlarge,EACH,2,14,6,C,False
Fuel Canned 2 Hr Ethanol Base,72 CN/CASE,2,12,4,C,True
$$ Ld Tylenol Cold 6Ct,6 EA/SLV,2,13,11,C,False
$$ Smoodi Tropical Vibes,12 EA/CS,2,12,9,C,False
Stb Coffee Dcf Pike Place 5Oz,32-5 OZ/CS,2,12,9,C,False
Pc Dress Vin Balsamic,60-1.5 OZ/CS,2,11,9,C,False
$$ Samyang Buldak Carbo Ramen 5Pk,8-5 PK/CS,2,10,9,C,True
Napkin Paper Dnr White,1000/CS,2,10,9,C,False
Fru Pears Halves,6/10 CN,2,10,8,C,False
Bakec Icing Whit N Glossy Rtu,43 LB/PAIL,2,11,8,C,False
"Tray Caterware 12"" Black",25/CS,2,10,9,C,False
Bowl 8Oz Compost,500 EA/CS,2,8,4,C,False
Register Tape Micros System,50 ROLL/CS,2,8,5,C,False
# Crmry Cup 16Oz Prtd,1000 EA/CS,2,7,4,C,True
Topping Hershey'S Fudge,4-48 OZ/CS,2,8,5,C,False
"Plate Plstc 9""Scrollware",240 EA/CS,2,7,3,C,False
Bag Kraft Window 5 X 7,500 EA/CS,2,8,2,C,False
$$ Tony'S Dark Choc Pretzel & Toffee,15 EA/CS,2,7,5,C,True
Spice Chili Powder Dark,3-5.5#/CS,2,7,6,C,False
Cereal Cold Reeses Puffs,4-35 OZ/CS,2,6,7,C,False
Bag Poly 22 X 14 X 58,200/CASE,2,6,6,C,False
Pc Dress Ff Vin Raspberry,60 EA/CS,2,6,3,C,False
Bakeb Glz Donut Glaze N Shine,40 LB/PAIL,2,7,10,C,False
Gloves Vinyl Pf Sm Disposable,1000 EA/CS,2,6,7,C,False
Spice Pepper Cayenne Kosher,6 CNTR/CS,2,7,11,C,False
$$ Ld No Doz 6 Ct,6 EA/SLV,2,6,5,C,True
Clnr Ecl Rapid Multi-Surface Dis,2.5GAL/CNTR,2,6,3,C,True
Sleeve Burn Cut Resistant,12 EA/PK,2,7,2,C,False
Stb Extract Frappuccino Rst,24-2 OZ/CS,2,6,3,C,True
Filter Coffee 1.5Gal,500/CASE,2,6,7,C,False
Veg Beets Slcd,6-10 CN/CS,2,5,7,C,False
Flour Rice Whit Kosher,50 # BAG,2,6,3,C,False
Stb Chips Frappucino,6-1# BAGS/CS,2,6,4,C,False
# Boba Juice Poppers Strawberry,4-7LB/CS,2,7,6,C,False
$$ Ld Dentek Flossers 20 Ct,36 PK/CASE,2,5,5,C,True
# Bevi Strawberry Lemongrass,1 GAL,2,6,5,C,False
"Daydots Mon 1"" Blue",1000 EA/ROLL,2,5,3,C,False
# Cho Cup 12 Oz Clear Pet,1000 EA/CS,2,5,5,C,False
Cntr Deli 8Oz Pp,480 EA/CS,2,5,4,C,False
"Wrap Plstc Film 24""X2000'",2 ROLLS/CS,2,4,3,C,False
$$ Ld Anti Bacterial Wipes 30 Ct,24 EA/CASE,2,4,3,C,True
Bakea Short Solid Icing Tff,50#/CS,2,3,2,C,False
Bakeb Choc Drops 10000Ct,50#/CASE,2,4,2,C,False
$$ Ld Anti Diarrheal 4 Ct,6 EA/SLV,2,3,3,C,False
# Boba Syrup Black Sugar,6-64 OZ/CS,2,3,1,C,False
Bakea Choc Chip Whit,25 LB/CS,2,5,4,C,False
Ecl Bucket Red 3 Qt Sani Pail,EACH,2,6,5,C,False
$$ Ath Fresh Blends Org Banana,7.57 LTR/CS,2,4,3,C,False
Bakeb Choc Coating Cookie,10#/CASE,2,5,4,C,False
$$ El Earbuds Aluminum Wired,* 24 EA/CS,2,3,1,C,False
Clnr Ecl Trupower Rinse Add Ap 4-1Gal,4-1GAL/CASE,2,2,1,C,False
Shirt Hfs Polo Mens Navy 2Xl,EACH,2,5,4,C,False
$$ Propel Pwdr Berry,12-10 CT/CS,2,4,3,C,False
Nut Pignoli Pine Nuts,5LB/CASE,2,2,4,C,False
Sbc Cup Hot 12Oz,920 EA/CS,2,3,2,C,False
Peppers Pepperoncini Hot Whl Green,4/GAL,2,2,3,C,False
Lid Cntr 4 Cmp 6X6X1.5 Pla,300 EA/CS,2,2,2,C,False
# Boba Tea Black,20 BAG/CASE,2,2,1,C,False
Sauce Sweet Baby Ray Nashville,4-64 OZ/CS,2,3,2,C,False
Spice Rosemary Whl,6OZ CNTR/CS,2,2,1,C,False
$$ Ath Justins Peanut Butter Honey,* 6 BX/CS,2,2,1,C,False
# Btrsta Film,EACH,2,3,2,C,False
Label Oval Strip Prtd 2Go Bakery,ROLL,2,2,1,C,False
Glove Cut Resistant Large,EACH,1,18,8,C,False
Dress Italian Golden,4/GAL,1,18,12,C,False
Ecl Spray Bottle,EACH,1,23,7,C,False
Hooded Jacket - Xl,EACH,1,21,2,C,False
Cookie Oreo Bulk,14-24EA/CS,1,10,7,C,False
Sauce Cheese Cheddar,6/10 CN,1,10,8,C,True
Wrap Foil Pop-Up 12 X 10,3000 EA/CS,1,10,11,C,False
Bakea Sprinkles Blue,6#/BOX,1,11,3,C,True
Stb Cup Hot 8Oz,660 EA/CS,1,9,7,C,False
$$ Tony'S Milk Choc Caramel Sea Salt,15 EA/CS,1,9,7,C,False
Bag Poly Cover Rack,50/CASE,1,8,3,C,False
Cap Gold Sr Man,EACH,1,11,12,C,False
Bakea Mix Cake Choc,50 LB/BAG,1,8,8,C,False
Beef Meatballs Fc 0.25Oz,10#/CS,1,8,10,C,False
Stb Cup Hot 20Oz,645 EA/CS,1,7,8,C,False
$$ Samyang Qchz Buldak Ramen 5Pk,8-5 PK/CS,1,8,16,C,False
Ecl Pad Scouring Hd 4.5 X 10,10 EA/BX,1,7,7,C,False
$$ Fru Mandarin Orange 4Oz,36 EA/CS,1,7,9,C,False
Fru Fzn Raspberry Red,10#/CASE,1,7,8,C,False
Wrap Tortilla Spinach,6 DOZ/CS,1,6,8,C,False
# Bevi Pomegranate Blueberry,1 GAL,1,8,8,C,False
"Wrap Plstc Film 12""",3 ROLLS/CS,1,6,5,C,False
# Potato Pancake Latke Parve Kosher,288 EA/CS,1,9,9,C,False
$$ Kc Cinnamon Roll Muffin,12 CUPS/CS,1,6,6,C,False
Extract Van Nat & Artfcl,*4-1 GAL/CS,1,5,4,C,True
Egg Bite Turkey Saus Cheese,60 EA/CS,1,7,1,C,True
# Crmry Lid Flat For 16/20Oz Foam Cup,1000 EA/CS,1,6,3,C,True
Sauce Mustard Yel,6-104 OZ/CS,1,5,7,C,False
Cracker Oyster,150PKG/CS,1,5,7,C,False
Bakea Corn Syrup Lt Crystal,4 GAL/CS,1,5,8,C,False
Pasta Bowtie (Farfalle),20LB/CASE,1,5,4,C,False
Bakea Nut Walnut Pcs Lt Amber,30#/CASE,1,5,10,C,False
"Daydots Tue 1"" Yel",1000 EA/ROLL,1,5,3,C,True
Spice Old Bay Seasoning 24Oz,6-24 OZ/CS,1,4,7,C,False
Napkin Disp Printed Bjc,6816 EA/CS,1,6,6,C,False
$$ Gatorade Energy Chews Strawberry,16-6 CT/CS,1,7,7,C,False
$$ Special K Choc Pb Protein Bar,* 6 BX/CS,1,4,2,C,True
# Boba Juice Poppers Mango,4-7 LB/CS,1,5,2,C,True
Cereal Cold Trix,4-32 OZ/CS,1,4,4,C,False
Sauce Fzn Hunan,4-64OZ/CS,1,5,7,C,False
Sauce Worcestershire,4 GAL/CS,1,4,7,C,False
Flatware Bamboo Spoon,2000 EA/CS,1,4,2,C,False
Clnr Ecl Smrtpwr Manual Detergent,2-3#/CS,1,3,2,C,True
Fru Fzn Peach Iqf,2-5#/CS,1,4,2,C,False
Glove Nitrile Pf Small,10-100 EA/CS,1,4,3,C,False
Grain Sorghum,4-24 OZ/CS,1,5,5,C,False
Chix Brst Whl Bnls 7-8Oz,20 LB/CASE,1,4,3,C,True
Paste Vindaloo,4-2.5#/CASE,1,4,2,C,False
Spice Pepper Whit Ground Kosher,6 CNTR/CS,1,2,3,C,False
Cover Table White 54X108,25/CASE,1,3,3,C,False
Shirt Abs Polo Mens Navy Xl,EACH,1,6,6,C,False
Clnr Stb Urnex Coffee Urn Packet,100 PKG/CS,1,2,2,C,False
Ghirardelli Cacao Choc Chip Nd,35# CASE,1,2,2,C,False
Spice Lemon Pepper,6 CNTR/CS,1,2,3,C,False
Sauce Fzn Stir Fry Dark,6-4 LB/CS,1,2,2,C,False
$$ Cheese Nd Cheddar Sliced,* 8 EA/CS,1,2,2,C,False
Bakeb Fill Pie Cherry,20#/PAIL,1,3,3,C,False
$$ Ath Justins Almond Butter Classic,* 6 BX/CS,1,2,2,C,False
Wrap 12X12 Black/White Check,5000/CS,1,1,1,C,False
Ccare Vgtn Chix Breasts Brd,38-5OZ / CS,1,1,1,C,False
$$ Red Plate Cupcake Choc Mini 6Ct,12- 6CT/CS,1,2,2,C,False
